<?xml version="1.0" encoding="UTF-8"?>
<project-private xmlns="http://www.netbeans.org/ns/project-private/1">
    <data xmlns="http://www.netbeans.org/ns/make-project-private/1">
        <activeConfTypeElem>1</activeConfTypeElem>
        <activeConfIndexElem>0</activeConfIndexElem>
    </data>
    <editor-bookmarks xmlns="http://www.netbeans.org/ns/editor-bookmarks/2" lastBookmarkId="0"/>
    <open-files xmlns="http://www.netbeans.org/ns/projectui-open-files/2">
        <group>
            <file>file:/C:/Users/carol/Documents/Practicas%20EEDD%202017-2018/Practica_1/Diccionario.h</file>
            <file>file:/C:/Users/carol/Documents/Practicas%20EEDD%202017-2018/Practica_1/Diccionario.cpp</file>
            <file>file:/C:/Users/carol/Documents/Practicas%20EEDD%202017-2018/Practica_1/VectorEstatico.h</file>
            <file>file:/C:/Users/carol/Documents/Practicas%20EEDD%202017-2018/Practica_1/VectorEstatico.cpp</file>
            <file>file:/C:/Users/carol/Documents/Practicas%20EEDD%202017-2018/Practica_1/main.cpp</file>
            <file>file:/C:/Users/carol/Documents/Practicas%20EEDD%202017-2018/Practica_1/Palabra.cpp</file>
            <file>file:/C:/Users/carol/Documents/Practicas%20EEDD%202017-2018/Practica_1/Palabra.h</file>
        </group>
    </open-files>
</project-private>
